{
    "overrides": [
        { "predicate": { "angle": 0.0000 }, "model": "item/compass_00" },
        { "predicate": { "angle": 0.0625 }, "model": "item/compass_01" },
        { "predicate": { "angle": 0.1250 }, "model": "item/compass_02" },
        { "predicate": { "angle": 0.1875 }, "model": "item/compass_03" },
        { "predicate": { "angle": 0.2500 }, "model": "item/compass_04" },
        { "predicate": { "angle": 0.3125 }, "model": "item/compass_05" },
        { "predicate": { "angle": 0.3750 }, "model": "item/compass_06" },
        { "predicate": { "angle": 0.4375 }, "model": "item/compass_07" },
        { "predicate": { "angle": 0.5000 }, "model": "item/compass_08" },
        { "predicate": { "angle": 0.5625 }, "model": "item/compass_09" },
        { "predicate": { "angle": 0.6250 }, "model": "item/compass_10" },
        { "predicate": { "angle": 0.6875 }, "model": "item/compass_11" },
        { "predicate": { "angle": 0.7500 }, "model": "item/compass_12" },
        { "predicate": { "angle": 0.8125 }, "model": "item/compass_13" },
        { "predicate": { "angle": 0.8750 }, "model": "item/compass_14" },
        { "predicate": { "angle": 0.9375 }, "model": "item/compass_15" },
        { "predicate": { "angle": 0.9999 }, "model": "item/compass_00" }
    ]
}
