{
    "overrides": [
        { "predicate": { "angle": 0.0000 }, "model": "item/recovery_compass_00" },
        { "predicate": { "angle": 0.0625 }, "model": "item/recovery_compass_01" },
        { "predicate": { "angle": 0.1250 }, "model": "item/recovery_compass_02" },
        { "predicate": { "angle": 0.1875 }, "model": "item/recovery_compass_03" },
        { "predicate": { "angle": 0.2500 }, "model": "item/recovery_compass_04" },
        { "predicate": { "angle": 0.3125 }, "model": "item/recovery_compass_05" },
        { "predicate": { "angle": 0.3750 }, "model": "item/recovery_compass_06" },
        { "predicate": { "angle": 0.4375 }, "model": "item/recovery_compass_07" },
        { "predicate": { "angle": 0.5000 }, "model": "item/recovery_compass_08" },
        { "predicate": { "angle": 0.5625 }, "model": "item/recovery_compass_09" },
        { "predicate": { "angle": 0.6250 }, "model": "item/recovery_compass_10" },
        { "predicate": { "angle": 0.6875 }, "model": "item/recovery_compass_11" },
        { "predicate": { "angle": 0.7500 }, "model": "item/recovery_compass_12" },
        { "predicate": { "angle": 0.8125 }, "model": "item/recovery_compass_13" },
        { "predicate": { "angle": 0.8750 }, "model": "item/recovery_compass_14" },
        { "predicate": { "angle": 0.9375 }, "model": "item/recovery_compass_15" },
        { "predicate": { "angle": 0.9999 }, "model": "item/recovery_compass_00" }
    ]
}

